Violation_ID,Timestamp,Location,Violation_Type,Vehicle_Type,Severity
V0001,2025-11-08 21:56:00.670262,Intersection_15,No Helmet,Bus,1
V0002,2025-11-05 15:50:00.670262,Intersection_17,Wrong Lane,Bus,2
V0003,2025-11-08 20:56:00.670262,Intersection_15,No Helmet,Bus,5
V0004,2025-11-09 19:04:00.670262,Intersection_18,Wrong Lane,Bike,5
V0005,2025-11-09 12:47:00.670262,Intersection_13,No Helmet,Truck,1
V0006,2025-11-06 23:48:00.670262,Intersection_20,Wrong Lane,Bus,4
V0007,2025-11-07 05:52:00.670262,Intersection_4,No Helmet,Truck,3
V0008,2025-11-08 17:53:00.670262,Intersection_5,No Helmet,Bus,4
V0009,2025-11-05 03:29:00.670262,Intersection_16,No Helmet,Bike,1
V0010,2025-11-05 23:28:00.670262,Intersection_8,Wrong Lane,Car,1
V0011,2025-11-07 23:13:00.670262,Intersection_16,Red Light,Bike,1
V0012,2025-11-04 20:58:00.670262,Intersection_5,Red Light,Bus,3
V0013,2025-11-07 09:51:00.670262,Intersection_13,Speeding,Truck,4
V0014,2025-11-07 06:15:00.670262,Intersection_17,Speeding,Bike,4
V0015,2025-11-10 01:14:00.670262,Intersection_6,Wrong Lane,Bus,3
V0016,2025-11-05 21:14:00.670262,Intersection_10,Red Light,Truck,3
V0017,2025-11-08 10:32:00.670262,Intersection_8,Speeding,Truck,2
V0018,2025-11-09 23:57:00.670262,Intersection_10,Speeding,Truck,4
V0019,2025-11-07 16:39:00.670262,Intersection_8,Red Light,Bike,2
V0020,2025-11-07 12:40:00.670262,Intersection_7,No Helmet,Car,5
V0021,2025-11-06 04:53:00.670262,Intersection_8,Red Light,Bike,2
V0022,2025-11-08 05:35:00.670262,Intersection_13,Wrong Lane,Car,4
V0023,2025-11-06 12:21:00.670262,Intersection_18,Speeding,Truck,2
V0024,2025-11-08 08:08:00.670262,Intersection_17,Wrong Lane,Truck,1
V0025,2025-11-04 14:50:00.670262,Intersection_1,Red Light,Truck,5
V0026,2025-11-04 10:00:00.670262,Intersection_19,No Helmet,Car,3
V0027,2025-11-05 01:26:00.670262,Intersection_1,Wrong Lane,Bus,4
V0028,2025-11-06 01:48:00.670262,Intersection_12,No Helmet,Truck,4
V0029,2025-11-05 01:27:00.670262,Intersection_10,Red Light,Car,3
V0030,2025-11-07 17:02:00.670262,Intersection_20,No Helmet,Bus,3
V0031,2025-11-05 16:51:00.670262,Intersection_19,No Helmet,Truck,5
V0032,2025-11-05 22:54:00.670262,Intersection_7,Wrong Lane,Bike,5
V0033,2025-11-04 16:57:00.670262,Intersection_1,Speeding,Bike,1
V0034,2025-11-04 08:14:00.670262,Intersection_2,Wrong Lane,Bike,2
V0035,2025-11-07 03:12:00.670262,Intersection_2,No Helmet,Car,2
V0036,2025-11-10 13:11:00.670262,Intersection_20,Red Light,Bus,2
V0037,2025-11-09 11:54:00.670262,Intersection_4,Wrong Lane,Bus,2
V0038,2025-11-06 18:05:00.670262,Intersection_11,Red Light,Bike,4
V0039,2025-11-08 00:36:00.670262,Intersection_15,Red Light,Bike,2
V0040,2025-11-05 05:57:00.670262,Intersection_16,No Helmet,Bike,3
V0041,2025-11-08 16:03:00.670262,Intersection_11,Wrong Lane,Truck,3
V0042,2025-11-08 22:29:00.670262,Intersection_18,Speeding,Bus,1
V0043,2025-11-08 20:07:00.670262,Intersection_7,Wrong Lane,Bike,1
V0044,2025-11-09 11:54:00.670262,Intersection_13,Wrong Lane,Car,4
V0045,2025-11-04 12:44:00.670262,Intersection_10,Speeding,Truck,3
V0046,2025-11-08 01:34:00.670262,Intersection_19,No Helmet,Bus,4
V0047,2025-11-06 06:16:00.670262,Intersection_11,Speeding,Bus,3
V0048,2025-11-09 17:53:00.670262,Intersection_3,Red Light,Truck,3
V0049,2025-11-04 22:46:00.670262,Intersection_10,Red Light,Bus,3
V0050,2025-11-08 17:50:00.670262,Intersection_13,No Helmet,Car,5
V0051,2025-11-09 11:25:00.670262,Intersection_14,Speeding,Bike,3
V0052,2025-11-06 07:44:00.670262,Intersection_10,Speeding,Truck,4
V0053,2025-11-08 17:33:00.670262,Intersection_16,No Helmet,Car,1
V0054,2025-11-07 02:49:00.670262,Intersection_15,Speeding,Bus,2
V0055,2025-11-08 12:55:00.670262,Intersection_7,No Helmet,Car,1
V0056,2025-11-04 17:11:00.670262,Intersection_13,Speeding,Bus,4
V0057,2025-11-06 12:07:00.670262,Intersection_2,Wrong Lane,Truck,4
V0058,2025-11-08 04:14:00.670262,Intersection_19,Wrong Lane,Car,2
V0059,2025-11-08 17:54:00.670262,Intersection_5,Speeding,Truck,5
V0060,2025-11-09 13:56:00.670262,Intersection_19,No Helmet,Truck,3
V0061,2025-11-05 07:08:00.670262,Intersection_19,Wrong Lane,Truck,5
V0062,2025-11-09 14:29:00.670262,Intersection_5,Red Light,Truck,3
V0063,2025-11-08 18:05:00.670262,Intersection_15,No Helmet,Bike,3
V0064,2025-11-04 00:13:00.670262,Intersection_13,Speeding,Truck,5
V0065,2025-11-08 22:10:00.670262,Intersection_2,Red Light,Truck,2
V0066,2025-11-09 06:56:00.670262,Intersection_18,No Helmet,Truck,5
V0067,2025-11-06 16:52:00.670262,Intersection_11,Wrong Lane,Bus,5
V0068,2025-11-04 01:24:00.670262,Intersection_8,Speeding,Truck,2
V0069,2025-11-03 21:31:00.670262,Intersection_5,Red Light,Truck,3
V0070,2025-11-07 20:16:00.670262,Intersection_14,Red Light,Truck,4
V0071,2025-11-04 01:28:00.670262,Intersection_5,Wrong Lane,Truck,1
V0072,2025-11-09 17:21:00.670262,Intersection_4,Wrong Lane,Car,1
V0073,2025-11-06 22:29:00.670262,Intersection_10,No Helmet,Truck,4
V0074,2025-11-04 10:08:00.670262,Intersection_18,No Helmet,Car,5
V0075,2025-11-04 05:38:00.670262,Intersection_18,Wrong Lane,Car,3
V0076,2025-11-06 03:49:00.670262,Intersection_9,Speeding,Bus,5
V0077,2025-11-10 17:13:00.670262,Intersection_15,Speeding,Bus,4
V0078,2025-11-04 08:45:00.670262,Intersection_5,No Helmet,Bike,4
V0079,2025-11-04 02:41:00.670262,Intersection_16,Red Light,Car,4
V0080,2025-11-05 22:01:00.670262,Intersection_20,Red Light,Bus,5
V0081,2025-11-05 10:08:00.670262,Intersection_12,No Helmet,Car,1
V0082,2025-11-05 11:11:00.670262,Intersection_19,Red Light,Truck,3
V0083,2025-11-10 02:25:00.670262,Intersection_14,Wrong Lane,Bike,5
V0084,2025-11-05 08:14:00.670262,Intersection_3,Speeding,Bike,5
V0085,2025-11-09 05:11:00.670262,Intersection_18,Wrong Lane,Bike,4
V0086,2025-11-10 05:32:00.670262,Intersection_4,Red Light,Bike,5
V0087,2025-11-04 00:33:00.670262,Intersection_5,Speeding,Bus,5
V0088,2025-11-06 11:14:00.670262,Intersection_10,No Helmet,Truck,2
V0089,2025-11-06 20:38:00.670262,Intersection_11,No Helmet,Truck,3
V0090,2025-11-07 23:07:00.670262,Intersection_1,Speeding,Truck,3
V0091,2025-11-07 10:53:00.670262,Intersection_13,Speeding,Car,3
V0092,2025-11-09 09:06:00.670262,Intersection_19,Red Light,Bus,5
V0093,2025-11-06 18:49:00.670262,Intersection_20,No Helmet,Bus,3
V0094,2025-11-09 06:04:00.670262,Intersection_19,Red Light,Bus,4
V0095,2025-11-04 10:54:00.670262,Intersection_16,Wrong Lane,Bus,5
V0096,2025-11-08 08:43:00.670262,Intersection_11,No Helmet,Bus,5
V0097,2025-11-07 17:25:00.670262,Intersection_3,Speeding,Car,2
V0098,2025-11-06 07:48:00.670262,Intersection_20,No Helmet,Truck,1
V0099,2025-11-06 21:19:00.670262,Intersection_9,Red Light,Truck,4
V0100,2025-11-07 22:16:00.670262,Intersection_4,Red Light,Truck,1
V0101,2025-11-10 06:04:00.670262,Intersection_10,Red Light,Bus,3
V0102,2025-11-07 22:15:00.670262,Intersection_1,No Helmet,Bike,3
V0103,2025-11-06 14:30:00.670262,Intersection_20,Speeding,Car,5
V0104,2025-11-05 09:18:00.670262,Intersection_13,Red Light,Bus,5
V0105,2025-11-07 13:21:00.670262,Intersection_7,No Helmet,Bike,4
V0106,2025-11-07 02:40:00.670262,Intersection_19,Wrong Lane,Truck,4
V0107,2025-11-08 10:27:00.670262,Intersection_13,Red Light,Car,4
V0108,2025-11-08 13:39:00.670262,Intersection_7,Red Light,Bike,2
V0109,2025-11-05 02:05:00.670262,Intersection_3,Red Light,Bus,5
V0110,2025-11-06 04:18:00.670262,Intersection_18,No Helmet,Truck,5
V0111,2025-11-04 22:42:00.670262,Intersection_10,No Helmet,Truck,3
V0112,2025-11-06 12:10:00.670262,Intersection_5,No Helmet,Bike,2
V0113,2025-11-08 16:46:00.670262,Intersection_7,No Helmet,Bus,3
V0114,2025-11-10 03:43:00.670262,Intersection_9,Speeding,Bus,1
V0115,2025-11-09 01:11:00.670262,Intersection_6,Speeding,Bike,4
V0116,2025-11-09 22:40:00.670262,Intersection_20,Wrong Lane,Car,4
V0117,2025-11-09 08:13:00.670262,Intersection_11,Speeding,Bus,1
V0118,2025-11-07 14:23:00.670262,Intersection_14,No Helmet,Bike,4
V0119,2025-11-09 21:43:00.670262,Intersection_15,Wrong Lane,Bus,5
V0120,2025-11-07 08:27:00.670262,Intersection_3,No Helmet,Bike,5
V0121,2025-11-09 04:38:00.670262,Intersection_14,Wrong Lane,Car,1
V0122,2025-11-08 21:37:00.670262,Intersection_13,Red Light,Bike,1
V0123,2025-11-06 09:12:00.670262,Intersection_12,Red Light,Truck,3
V0124,2025-11-05 13:22:00.670262,Intersection_20,Red Light,Bike,1
V0125,2025-11-04 18:16:00.670262,Intersection_3,Red Light,Bike,5
V0126,2025-11-06 09:00:00.670262,Intersection_19,Red Light,Bike,3
V0127,2025-11-05 19:07:00.670262,Intersection_2,Speeding,Bike,3
V0128,2025-11-08 08:46:00.670262,Intersection_12,Red Light,Truck,4
V0129,2025-11-04 05:26:00.670262,Intersection_16,Red Light,Bus,4
V0130,2025-11-09 19:34:00.670262,Intersection_15,Wrong Lane,Car,5
V0131,2025-11-10 06:43:00.670262,Intersection_17,No Helmet,Car,1
V0132,2025-11-08 16:59:00.670262,Intersection_19,Wrong Lane,Bus,1
V0133,2025-11-09 12:49:00.670262,Intersection_9,Speeding,Bike,3
V0134,2025-11-07 01:32:00.670262,Intersection_1,No Helmet,Car,1
V0135,2025-11-10 04:19:00.670262,Intersection_18,Wrong Lane,Truck,5
V0136,2025-11-09 15:57:00.670262,Intersection_12,No Helmet,Truck,4
V0137,2025-11-05 05:04:00.670262,Intersection_11,No Helmet,Bus,1
V0138,2025-11-04 22:05:00.670262,Intersection_3,No Helmet,Bus,3
V0139,2025-11-08 09:50:00.670262,Intersection_3,Speeding,Car,5
V0140,2025-11-05 10:45:00.670262,Intersection_16,No Helmet,Bike,4
V0141,2025-11-06 17:53:00.670262,Intersection_16,No Helmet,Bus,4
V0142,2025-11-07 08:07:00.670262,Intersection_20,No Helmet,Truck,1
V0143,2025-11-07 13:17:00.670262,Intersection_7,Wrong Lane,Bike,4
V0144,2025-11-05 16:48:00.670262,Intersection_9,No Helmet,Car,5
V0145,2025-11-04 16:03:00.670262,Intersection_4,Speeding,Car,2
V0146,2025-11-05 08:37:00.670262,Intersection_11,Wrong Lane,Car,4
V0147,2025-11-04 13:36:00.670262,Intersection_11,Speeding,Bus,1
V0148,2025-11-08 03:27:00.670262,Intersection_3,Wrong Lane,Bike,1
V0149,2025-11-07 22:39:00.670262,Intersection_7,Wrong Lane,Truck,2
V0150,2025-11-08 03:00:00.670262,Intersection_12,No Helmet,Car,2
V0151,2025-11-10 08:09:00.670262,Intersection_5,No Helmet,Bus,3
V0152,2025-11-10 05:00:00.670262,Intersection_3,Wrong Lane,Car,3
V0153,2025-11-07 17:38:00.670262,Intersection_14,No Helmet,Car,2
V0154,2025-11-05 11:32:00.670262,Intersection_7,Wrong Lane,Bike,1
V0155,2025-11-08 15:55:00.670262,Intersection_19,No Helmet,Bus,3
V0156,2025-11-07 10:59:00.670262,Intersection_10,Wrong Lane,Bus,5
V0157,2025-11-08 04:58:00.670262,Intersection_15,Speeding,Bus,5
V0158,2025-11-08 01:23:00.670262,Intersection_14,Speeding,Bus,2
V0159,2025-11-08 02:13:00.670262,Intersection_13,Red Light,Bus,4
V0160,2025-11-07 03:02:00.670262,Intersection_3,No Helmet,Truck,4
V0161,2025-11-04 16:33:00.670262,Intersection_1,Wrong Lane,Car,2
V0162,2025-11-09 15:39:00.670262,Intersection_9,No Helmet,Bus,4
V0163,2025-11-06 00:00:00.670262,Intersection_19,Red Light,Truck,3
V0164,2025-11-04 16:48:00.670262,Intersection_11,Red Light,Bike,1
V0165,2025-11-09 21:21:00.670262,Intersection_8,Wrong Lane,Bus,4
V0166,2025-11-09 07:53:00.670262,Intersection_7,Wrong Lane,Bike,5
V0167,2025-11-06 02:39:00.670262,Intersection_15,Red Light,Bike,3
V0168,2025-11-10 14:32:00.670262,Intersection_15,Speeding,Bike,3
V0169,2025-11-05 07:57:00.670262,Intersection_12,No Helmet,Car,2
V0170,2025-11-09 11:31:00.670262,Intersection_12,Red Light,Bus,5
V0171,2025-11-07 08:41:00.670262,Intersection_13,Speeding,Truck,5
V0172,2025-11-08 04:44:00.670262,Intersection_6,No Helmet,Bike,2
V0173,2025-11-08 07:17:00.670262,Intersection_13,Wrong Lane,Bike,1
V0174,2025-11-08 15:06:00.670262,Intersection_14,Speeding,Car,2
V0175,2025-11-07 17:20:00.670262,Intersection_11,Speeding,Car,3
V0176,2025-11-05 00:24:00.670262,Intersection_17,Red Light,Car,5
V0177,2025-11-04 05:50:00.670262,Intersection_7,Wrong Lane,Car,5
V0178,2025-11-06 21:33:00.670262,Intersection_12,Red Light,Car,5
V0179,2025-11-08 10:50:00.670262,Intersection_3,No Helmet,Car,4
V0180,2025-11-06 01:49:00.670262,Intersection_14,Wrong Lane,Bus,1
V0181,2025-11-07 18:43:00.670262,Intersection_2,Wrong Lane,Bus,5
V0182,2025-11-07 03:54:00.670262,Intersection_13,Speeding,Truck,2
V0183,2025-11-09 18:06:00.670262,Intersection_20,Wrong Lane,Car,1
V0184,2025-11-08 13:06:00.670262,Intersection_9,Wrong Lane,Truck,5
V0185,2025-11-08 09:46:00.670262,Intersection_7,Red Light,Truck,1
V0186,2025-11-08 04:56:00.670262,Intersection_14,No Helmet,Bike,3
V0187,2025-11-05 13:08:00.670262,Intersection_12,Red Light,Bus,4
V0188,2025-11-03 21:44:00.670262,Intersection_9,Speeding,Bus,1
V0189,2025-11-08 18:46:00.670262,Intersection_2,No Helmet,Car,3
V0190,2025-11-07 17:51:00.670262,Intersection_3,Speeding,Bike,3
V0191,2025-11-07 19:53:00.670262,Intersection_12,Wrong Lane,Car,2
V0192,2025-11-09 14:02:00.670262,Intersection_10,Wrong Lane,Car,2
V0193,2025-11-10 12:44:00.670262,Intersection_3,Red Light,Car,4
V0194,2025-11-07 20:23:00.670262,Intersection_10,Speeding,Bus,2
V0195,2025-11-09 20:14:00.670262,Intersection_20,Wrong Lane,Bus,3
V0196,2025-11-06 17:58:00.670262,Intersection_10,No Helmet,Truck,3
V0197,2025-11-07 15:28:00.670262,Intersection_10,Red Light,Bike,2
V0198,2025-11-05 05:54:00.670262,Intersection_10,Speeding,Bike,2
V0199,2025-11-10 07:01:00.670262,Intersection_10,Wrong Lane,Bike,4
V0200,2025-11-09 13:58:00.670262,Intersection_13,No Helmet,Bus,1
V0201,2025-11-08 11:11:00.670262,Intersection_9,Wrong Lane,Bus,5
V0202,2025-11-07 16:46:00.670262,Intersection_6,Red Light,Bus,4
V0203,2025-11-07 13:16:00.670262,Intersection_1,Speeding,Bus,4
V0204,2025-11-07 23:02:00.670262,Intersection_18,Wrong Lane,Truck,5
V0205,2025-11-05 04:54:00.670262,Intersection_16,Red Light,Truck,4
V0206,2025-11-04 12:19:00.670262,Intersection_1,Wrong Lane,Truck,1
V0207,2025-11-10 11:03:00.670262,Intersection_8,Red Light,Car,5
V0208,2025-11-09 14:36:00.670262,Intersection_12,Red Light,Bike,1
V0209,2025-11-06 21:49:00.670262,Intersection_17,Speeding,Car,2
V0210,2025-11-06 08:09:00.670262,Intersection_4,Speeding,Truck,1
V0211,2025-11-08 20:55:00.670262,Intersection_5,Wrong Lane,Car,2
V0212,2025-11-10 14:57:00.670262,Intersection_18,No Helmet,Bike,3
V0213,2025-11-07 08:30:00.670262,Intersection_17,No Helmet,Car,3
V0214,2025-11-04 07:57:00.670262,Intersection_16,Red Light,Truck,2
V0215,2025-11-08 23:27:00.670262,Intersection_13,No Helmet,Truck,5
V0216,2025-11-06 22:52:00.670262,Intersection_9,No Helmet,Car,5
V0217,2025-11-08 12:52:00.670262,Intersection_8,Wrong Lane,Car,5
V0218,2025-11-10 09:39:00.670262,Intersection_16,Speeding,Bike,2
V0219,2025-11-04 06:18:00.670262,Intersection_6,No Helmet,Car,3
V0220,2025-11-04 12:34:00.670262,Intersection_7,Red Light,Truck,3
V0221,2025-11-04 10:57:00.670262,Intersection_10,Speeding,Bike,4
V0222,2025-11-08 04:53:00.670262,Intersection_4,Wrong Lane,Bus,3
V0223,2025-11-04 20:15:00.670262,Intersection_14,Wrong Lane,Bike,3
V0224,2025-11-09 03:43:00.670262,Intersection_6,No Helmet,Car,2
V0225,2025-11-06 08:49:00.670262,Intersection_16,No Helmet,Truck,3
V0226,2025-11-04 15:53:00.670262,Intersection_19,No Helmet,Car,1
V0227,2025-11-08 04:29:00.670262,Intersection_5,Speeding,Car,3
V0228,2025-11-07 11:43:00.670262,Intersection_20,Speeding,Bus,1
V0229,2025-11-06 06:44:00.670262,Intersection_12,Red Light,Bus,1
V0230,2025-11-08 10:11:00.670262,Intersection_8,Speeding,Bike,1
V0231,2025-11-08 02:44:00.670262,Intersection_6,Speeding,Bike,2
V0232,2025-11-09 08:54:00.670262,Intersection_8,Wrong Lane,Truck,2
V0233,2025-11-06 05:10:00.670262,Intersection_16,Red Light,Bus,1
V0234,2025-11-07 05:08:00.670262,Intersection_4,Wrong Lane,Bike,3
V0235,2025-11-09 05:53:00.670262,Intersection_15,Red Light,Car,2
V0236,2025-11-04 16:10:00.670262,Intersection_9,Speeding,Bus,3
V0237,2025-11-06 05:25:00.670262,Intersection_1,No Helmet,Car,3
V0238,2025-11-10 04:48:00.670262,Intersection_12,No Helmet,Bike,2
V0239,2025-11-07 15:30:00.670262,Intersection_2,No Helmet,Truck,4
V0240,2025-11-04 09:37:00.670262,Intersection_2,Speeding,Bike,4
V0241,2025-11-04 11:16:00.670262,Intersection_3,No Helmet,Truck,3
V0242,2025-11-06 16:46:00.670262,Intersection_12,Speeding,Bus,5
V0243,2025-11-06 11:33:00.670262,Intersection_18,Red Light,Bike,1
V0244,2025-11-04 06:48:00.670262,Intersection_16,Red Light,Truck,4
V0245,2025-11-06 20:11:00.670262,Intersection_16,Red Light,Bus,2
V0246,2025-11-04 20:20:00.670262,Intersection_3,Red Light,Car,3
V0247,2025-11-03 21:26:00.670262,Intersection_8,No Helmet,Car,2
V0248,2025-11-08 20:42:00.670262,Intersection_12,Speeding,Car,4
V0249,2025-11-08 11:00:00.670262,Intersection_2,Speeding,Truck,4
V0250,2025-11-10 06:35:00.670262,Intersection_15,Speeding,Bus,1
V0251,2025-11-07 15:07:00.670262,Intersection_13,No Helmet,Car,5
V0252,2025-11-06 16:57:00.670262,Intersection_11,Wrong Lane,Truck,3
V0253,2025-11-09 13:16:00.670262,Intersection_10,Wrong Lane,Bike,5
V0254,2025-11-05 08:56:00.670262,Intersection_5,Speeding,Truck,5
V0255,2025-11-07 15:44:00.670262,Intersection_15,No Helmet,Truck,2
V0256,2025-11-10 12:14:00.670262,Intersection_18,Speeding,Car,1
V0257,2025-11-05 23:51:00.670262,Intersection_16,Wrong Lane,Car,1
V0258,2025-11-06 02:48:00.670262,Intersection_5,Red Light,Car,3
V0259,2025-11-08 16:02:00.670262,Intersection_3,Speeding,Truck,1
V0260,2025-11-08 04:17:00.670262,Intersection_3,Speeding,Bike,4
V0261,2025-11-03 21:07:00.670262,Intersection_5,No Helmet,Car,4
V0262,2025-11-05 01:01:00.670262,Intersection_7,No Helmet,Car,2
V0263,2025-11-07 07:41:00.670262,Intersection_18,Red Light,Truck,1
V0264,2025-11-06 06:00:00.670262,Intersection_13,Speeding,Bike,5
V0265,2025-11-10 09:08:00.670262,Intersection_7,Speeding,Car,1
V0266,2025-11-06 06:01:00.670262,Intersection_4,Red Light,Bus,5
V0267,2025-11-06 21:18:00.670262,Intersection_13,Wrong Lane,Car,5
V0268,2025-11-03 22:17:00.670262,Intersection_5,Speeding,Bus,5
V0269,2025-11-06 03:51:00.670262,Intersection_5,Speeding,Car,4
V0270,2025-11-08 17:47:00.670262,Intersection_2,Red Light,Bus,3
V0271,2025-11-04 00:53:00.670262,Intersection_6,No Helmet,Truck,3
V0272,2025-11-04 14:27:00.670262,Intersection_7,Red Light,Car,2
V0273,2025-11-04 16:35:00.670262,Intersection_3,Wrong Lane,Car,3
V0274,2025-11-08 02:57:00.670262,Intersection_18,Wrong Lane,Car,3
V0275,2025-11-09 19:13:00.670262,Intersection_17,Speeding,Bus,4
V0276,2025-11-06 22:20:00.670262,Intersection_10,Red Light,Bike,2
V0277,2025-11-08 15:55:00.670262,Intersection_20,Red Light,Bus,1
V0278,2025-11-06 15:22:00.670262,Intersection_5,Speeding,Bike,3
V0279,2025-11-04 05:26:00.670262,Intersection_4,Speeding,Bus,5
V0280,2025-11-09 11:03:00.670262,Intersection_1,Red Light,Bike,1
V0281,2025-11-06 10:48:00.670262,Intersection_17,Red Light,Bike,4
V0282,2025-11-09 16:28:00.670262,Intersection_2,Red Light,Truck,3
V0283,2025-11-05 02:02:00.670262,Intersection_12,Speeding,Truck,5
V0284,2025-11-05 23:30:00.670262,Intersection_12,Red Light,Car,3
V0285,2025-11-05 17:10:00.670262,Intersection_20,No Helmet,Bus,5
V0286,2025-11-05 06:37:00.670262,Intersection_16,Speeding,Truck,4
V0287,2025-11-04 11:54:00.670262,Intersection_2,Wrong Lane,Bike,5
V0288,2025-11-09 02:49:00.670262,Intersection_16,Red Light,Bus,1
V0289,2025-11-05 22:07:00.670262,Intersection_7,Red Light,Bike,1
V0290,2025-11-08 00:17:00.670262,Intersection_3,No Helmet,Bus,1
V0291,2025-11-09 01:23:00.670262,Intersection_10,Red Light,Truck,1
V0292,2025-11-08 14:51:00.670262,Intersection_5,No Helmet,Car,5
V0293,2025-11-10 18:55:00.670262,Intersection_16,Speeding,Truck,1
V0294,2025-11-10 12:12:00.670262,Intersection_10,Red Light,Truck,3
V0295,2025-11-04 17:08:00.670262,Intersection_1,Red Light,Car,3
V0296,2025-11-07 08:07:00.670262,Intersection_15,Red Light,Bike,1
V0297,2025-11-06 21:28:00.670262,Intersection_11,Wrong Lane,Bus,1
V0298,2025-11-09 22:58:00.670262,Intersection_15,Red Light,Bus,1
V0299,2025-11-09 01:42:00.670262,Intersection_5,Speeding,Bus,1
V0300,2025-11-05 08:22:00.670262,Intersection_11,No Helmet,Truck,3
V0301,2025-11-10 00:33:00.670262,Intersection_6,Wrong Lane,Bike,3
V0302,2025-11-09 03:56:00.670262,Intersection_18,Wrong Lane,Car,5
V0303,2025-11-04 15:57:00.670262,Intersection_8,Wrong Lane,Bus,2
V0304,2025-11-06 20:34:00.670262,Intersection_6,Wrong Lane,Bus,2
V0305,2025-11-04 05:47:00.670262,Intersection_9,Speeding,Bus,3
V0306,2025-11-09 04:49:00.670262,Intersection_6,Wrong Lane,Bus,4
V0307,2025-11-07 23:49:00.670262,Intersection_13,Red Light,Truck,2
V0308,2025-11-09 14:01:00.670262,Intersection_7,Red Light,Bus,3
V0309,2025-11-05 02:30:00.670262,Intersection_1,Red Light,Bike,3
V0310,2025-11-07 01:13:00.670262,Intersection_12,No Helmet,Car,3
V0311,2025-11-07 05:28:00.670262,Intersection_8,Red Light,Bike,2
V0312,2025-11-06 17:30:00.670262,Intersection_13,No Helmet,Bike,4
V0313,2025-11-04 22:06:00.670262,Intersection_14,Speeding,Car,4
V0314,2025-11-05 18:00:00.670262,Intersection_12,No Helmet,Car,5
V0315,2025-11-07 14:25:00.670262,Intersection_8,Speeding,Bus,4
V0316,2025-11-08 10:29:00.670262,Intersection_8,Red Light,Truck,4
V0317,2025-11-09 19:16:00.670262,Intersection_8,No Helmet,Truck,2
V0318,2025-11-05 14:07:00.670262,Intersection_17,Speeding,Truck,3
V0319,2025-11-07 18:49:00.670262,Intersection_18,Speeding,Car,2
V0320,2025-11-07 09:47:00.670262,Intersection_19,Red Light,Bike,4
V0321,2025-11-06 07:41:00.670262,Intersection_18,No Helmet,Bus,2
V0322,2025-11-10 16:11:00.670262,Intersection_19,Red Light,Car,2
V0323,2025-11-10 15:38:00.670262,Intersection_8,Red Light,Bus,5
V0324,2025-11-04 21:53:00.670262,Intersection_5,Wrong Lane,Bus,2
V0325,2025-11-05 19:41:00.670262,Intersection_7,No Helmet,Truck,3
V0326,2025-11-06 21:49:00.670262,Intersection_18,Wrong Lane,Truck,3
V0327,2025-11-10 06:09:00.670262,Intersection_9,No Helmet,Bus,1
V0328,2025-11-10 18:53:00.670262,Intersection_16,Red Light,Truck,2
V0329,2025-11-09 17:17:00.670262,Intersection_20,No Helmet,Car,1
V0330,2025-11-07 17:19:00.670262,Intersection_14,Wrong Lane,Bike,1
V0331,2025-11-08 09:52:00.670262,Intersection_11,Speeding,Bike,1
V0332,2025-11-06 00:29:00.670262,Intersection_5,Wrong Lane,Bus,5
V0333,2025-11-09 06:13:00.670262,Intersection_11,Red Light,Car,3
V0334,2025-11-06 13:59:00.670262,Intersection_12,No Helmet,Bike,1
V0335,2025-11-07 17:50:00.670262,Intersection_8,Wrong Lane,Bus,3
V0336,2025-11-09 11:04:00.670262,Intersection_6,Wrong Lane,Bike,4
V0337,2025-11-06 23:27:00.670262,Intersection_6,No Helmet,Truck,1
V0338,2025-11-06 00:14:00.670262,Intersection_16,Speeding,Bus,5
V0339,2025-11-05 15:30:00.670262,Intersection_7,Wrong Lane,Car,5
V0340,2025-11-07 05:32:00.670262,Intersection_16,Wrong Lane,Car,2
V0341,2025-11-08 08:56:00.670262,Intersection_15,No Helmet,Bus,1
V0342,2025-11-09 04:43:00.670262,Intersection_1,Speeding,Car,5
V0343,2025-11-07 06:42:00.670262,Intersection_3,No Helmet,Bike,2
V0344,2025-11-08 02:13:00.670262,Intersection_14,No Helmet,Bike,4
V0345,2025-11-08 02:52:00.670262,Intersection_12,Red Light,Bike,5
V0346,2025-11-07 18:14:00.670262,Intersection_1,Speeding,Bus,3
V0347,2025-11-10 00:27:00.670262,Intersection_2,Wrong Lane,Truck,1
V0348,2025-11-09 19:22:00.670262,Intersection_7,Speeding,Truck,5
V0349,2025-11-06 22:53:00.670262,Intersection_17,Wrong Lane,Car,1
V0350,2025-11-10 18:25:00.670262,Intersection_5,Wrong Lane,Bus,5
V0351,2025-11-10 18:21:00.670262,Intersection_4,Wrong Lane,Bus,4
V0352,2025-11-04 17:50:00.670262,Intersection_16,No Helmet,Car,1
V0353,2025-11-08 08:48:00.670262,Intersection_9,No Helmet,Bus,1
V0354,2025-11-06 12:22:00.670262,Intersection_13,No Helmet,Bike,2
V0355,2025-11-06 17:33:00.670262,Intersection_11,Speeding,Bus,1
V0356,2025-11-04 22:52:00.670262,Intersection_12,Wrong Lane,Car,3
V0357,2025-11-06 18:33:00.670262,Intersection_11,Wrong Lane,Bike,5
V0358,2025-11-06 07:37:00.670262,Intersection_13,Red Light,Car,2
V0359,2025-11-08 03:32:00.670262,Intersection_5,No Helmet,Truck,1
V0360,2025-11-04 21:17:00.670262,Intersection_12,No Helmet,Bus,1
V0361,2025-11-04 19:46:00.670262,Intersection_13,No Helmet,Bus,1
V0362,2025-11-06 20:54:00.670262,Intersection_7,Wrong Lane,Bike,5
V0363,2025-11-07 21:49:00.670262,Intersection_9,Red Light,Bike,3
V0364,2025-11-08 23:36:00.670262,Intersection_19,Red Light,Bike,1
V0365,2025-11-07 22:21:00.670262,Intersection_4,Speeding,Car,4
V0366,2025-11-09 17:06:00.670262,Intersection_20,No Helmet,Bus,5
V0367,2025-11-06 12:39:00.670262,Intersection_6,Speeding,Bus,1
V0368,2025-11-10 01:12:00.670262,Intersection_20,No Helmet,Truck,1
V0369,2025-11-08 20:17:00.670262,Intersection_1,No Helmet,Bus,4
V0370,2025-11-07 10:58:00.670262,Intersection_7,Wrong Lane,Car,2
V0371,2025-11-10 10:27:00.670262,Intersection_19,Wrong Lane,Bus,4
V0372,2025-11-09 01:24:00.670262,Intersection_17,Speeding,Truck,3
V0373,2025-11-06 22:05:00.670262,Intersection_13,Wrong Lane,Bus,4
V0374,2025-11-07 18:55:00.670262,Intersection_13,Red Light,Bike,1
V0375,2025-11-05 16:20:00.670262,Intersection_13,Red Light,Bike,1
V0376,2025-11-09 07:15:00.670262,Intersection_11,No Helmet,Car,2
V0377,2025-11-04 00:05:00.670262,Intersection_18,Speeding,Truck,3
V0378,2025-11-06 19:33:00.670262,Intersection_4,Red Light,Bus,5
V0379,2025-11-06 04:41:00.670262,Intersection_13,Wrong Lane,Car,4
V0380,2025-11-05 12:30:00.670262,Intersection_15,No Helmet,Bike,2
V0381,2025-11-07 20:55:00.670262,Intersection_20,Red Light,Bus,1
V0382,2025-11-10 11:24:00.670262,Intersection_10,Speeding,Truck,5
V0383,2025-11-09 06:08:00.670262,Intersection_6,Wrong Lane,Car,4
V0384,2025-11-09 19:07:00.670262,Intersection_3,No Helmet,Car,2
V0385,2025-11-09 06:59:00.670262,Intersection_19,Red Light,Car,5
V0386,2025-11-04 03:38:00.670262,Intersection_1,Wrong Lane,Car,2
V0387,2025-11-04 02:37:00.670262,Intersection_6,Wrong Lane,Bus,2
V0388,2025-11-04 08:40:00.670262,Intersection_19,Wrong Lane,Bus,4
V0389,2025-11-08 15:27:00.670262,Intersection_19,Red Light,Bus,4
V0390,2025-11-05 06:10:00.670262,Intersection_6,No Helmet,Bike,2
V0391,2025-11-08 13:08:00.670262,Intersection_18,Speeding,Bus,2
V0392,2025-11-05 23:14:00.670262,Intersection_8,Wrong Lane,Truck,3
V0393,2025-11-08 10:36:00.670262,Intersection_15,Wrong Lane,Truck,5
V0394,2025-11-07 10:38:00.670262,Intersection_20,Speeding,Car,3
V0395,2025-11-05 15:20:00.670262,Intersection_1,No Helmet,Bus,4
V0396,2025-11-04 08:35:00.670262,Intersection_16,Wrong Lane,Car,3
V0397,2025-11-05 15:49:00.670262,Intersection_3,Red Light,Bus,5
V0398,2025-11-08 08:22:00.670262,Intersection_7,No Helmet,Bus,5
V0399,2025-11-07 05:21:00.670262,Intersection_14,Wrong Lane,Car,5
V0400,2025-11-05 19:05:00.670262,Intersection_19,Wrong Lane,Bus,2
V0401,2025-11-09 20:04:00.670262,Intersection_14,Red Light,Bike,1
V0402,2025-11-04 14:57:00.670262,Intersection_13,Wrong Lane,Bus,2
V0403,2025-11-05 00:08:00.670262,Intersection_13,Wrong Lane,Truck,2
V0404,2025-11-09 13:57:00.670262,Intersection_5,Speeding,Car,4
V0405,2025-11-09 21:12:00.670262,Intersection_14,Wrong Lane,Bike,3
V0406,2025-11-08 00:57:00.670262,Intersection_9,Wrong Lane,Bike,4
V0407,2025-11-04 11:20:00.670262,Intersection_3,No Helmet,Truck,1
V0408,2025-11-07 15:36:00.670262,Intersection_12,No Helmet,Truck,3
V0409,2025-11-05 04:19:00.670262,Intersection_9,Red Light,Truck,4
V0410,2025-11-05 20:55:00.670262,Intersection_14,Red Light,Truck,3
V0411,2025-11-06 19:34:00.670262,Intersection_14,Wrong Lane,Car,3
V0412,2025-11-10 01:42:00.670262,Intersection_17,Wrong Lane,Bus,2
V0413,2025-11-05 02:22:00.670262,Intersection_8,No Helmet,Car,4
V0414,2025-11-05 10:58:00.670262,Intersection_9,No Helmet,Truck,3
V0415,2025-11-09 15:27:00.670262,Intersection_3,Red Light,Bus,5
V0416,2025-11-07 07:02:00.670262,Intersection_12,Wrong Lane,Truck,2
V0417,2025-11-06 02:55:00.670262,Intersection_16,Red Light,Truck,4
V0418,2025-11-04 10:23:00.670262,Intersection_15,Speeding,Bike,4
V0419,2025-11-04 23:09:00.670262,Intersection_9,Red Light,Truck,2
V0420,2025-11-07 18:30:00.670262,Intersection_9,Speeding,Truck,1
V0421,2025-11-08 21:06:00.670262,Intersection_4,Red Light,Car,2
V0422,2025-11-09 14:22:00.670262,Intersection_7,Wrong Lane,Bike,3
V0423,2025-11-06 09:00:00.670262,Intersection_18,No Helmet,Truck,5
V0424,2025-11-09 00:28:00.670262,Intersection_12,Wrong Lane,Car,1
V0425,2025-11-08 12:45:00.670262,Intersection_8,Speeding,Truck,1
V0426,2025-11-07 12:33:00.670262,Intersection_5,Red Light,Car,3
V0427,2025-11-09 06:46:00.670262,Intersection_6,Speeding,Bike,5
V0428,2025-11-05 04:23:00.670262,Intersection_7,Red Light,Bike,4
V0429,2025-11-05 18:22:00.670262,Intersection_3,Wrong Lane,Truck,2
V0430,2025-11-07 11:42:00.670262,Intersection_11,Wrong Lane,Truck,5
V0431,2025-11-08 22:57:00.670262,Intersection_20,Wrong Lane,Car,4
V0432,2025-11-09 04:53:00.670262,Intersection_3,Speeding,Truck,1
V0433,2025-11-07 16:03:00.670262,Intersection_2,Speeding,Bus,1
V0434,2025-11-06 09:41:00.670262,Intersection_18,Wrong Lane,Bike,5
V0435,2025-11-04 13:33:00.670262,Intersection_17,Wrong Lane,Car,1
V0436,2025-11-05 15:51:00.670262,Intersection_2,Wrong Lane,Bus,4
V0437,2025-11-07 02:05:00.670262,Intersection_8,Red Light,Bike,5
V0438,2025-11-03 21:35:00.670262,Intersection_6,Speeding,Bike,1
V0439,2025-11-09 03:13:00.670262,Intersection_16,Wrong Lane,Bus,2
V0440,2025-11-08 19:40:00.670262,Intersection_18,Speeding,Car,5
V0441,2025-11-10 12:09:00.670262,Intersection_4,Red Light,Truck,3
V0442,2025-11-04 15:22:00.670262,Intersection_4,Wrong Lane,Car,1
V0443,2025-11-04 10:15:00.670262,Intersection_18,No Helmet,Bus,5
V0444,2025-11-07 20:49:00.670262,Intersection_3,No Helmet,Car,2
V0445,2025-11-06 17:30:00.670262,Intersection_17,Red Light,Car,5
V0446,2025-11-07 14:53:00.670262,Intersection_20,Speeding,Truck,2
V0447,2025-11-04 21:55:00.670262,Intersection_5,Red Light,Bus,5
V0448,2025-11-06 10:22:00.670262,Intersection_19,Wrong Lane,Bike,4
V0449,2025-11-05 22:34:00.670262,Intersection_4,Speeding,Car,4
V0450,2025-11-07 14:14:00.670262,Intersection_17,No Helmet,Truck,5
V0451,2025-11-09 20:21:00.670262,Intersection_19,Speeding,Car,1
V0452,2025-11-05 07:28:00.670262,Intersection_18,Wrong Lane,Bike,2
V0453,2025-11-04 09:41:00.670262,Intersection_3,No Helmet,Truck,3
V0454,2025-11-04 21:08:00.670262,Intersection_3,Red Light,Truck,2
V0455,2025-11-05 14:58:00.670262,Intersection_12,Wrong Lane,Bike,4
V0456,2025-11-06 14:13:00.670262,Intersection_13,Wrong Lane,Bike,5
V0457,2025-11-08 21:51:00.670262,Intersection_3,Wrong Lane,Car,2
V0458,2025-11-09 17:51:00.670262,Intersection_3,Wrong Lane,Bus,5
V0459,2025-11-07 01:45:00.670262,Intersection_6,No Helmet,Bus,3
V0460,2025-11-07 08:04:00.670262,Intersection_19,Red Light,Truck,5
V0461,2025-11-10 08:17:00.670262,Intersection_15,Red Light,Truck,2
V0462,2025-11-10 18:39:00.670262,Intersection_10,No Helmet,Car,1
V0463,2025-11-06 05:26:00.670262,Intersection_10,Speeding,Bike,3
V0464,2025-11-04 22:37:00.670262,Intersection_3,Red Light,Car,1
V0465,2025-11-07 01:38:00.670262,Intersection_2,No Helmet,Bus,2
V0466,2025-11-09 19:58:00.670262,Intersection_10,Wrong Lane,Bus,4
V0467,2025-11-04 15:27:00.670262,Intersection_9,No Helmet,Truck,2
V0468,2025-11-04 01:50:00.670262,Intersection_2,Wrong Lane,Truck,4
V0469,2025-11-07 13:43:00.670262,Intersection_9,Red Light,Bus,3
V0470,2025-11-08 04:20:00.670262,Intersection_3,Red Light,Bike,2
V0471,2025-11-08 01:05:00.670262,Intersection_18,Wrong Lane,Car,3
V0472,2025-11-09 06:36:00.670262,Intersection_8,Speeding,Bike,4
V0473,2025-11-03 21:42:00.670262,Intersection_11,Wrong Lane,Car,3
V0474,2025-11-10 13:20:00.670262,Intersection_1,Red Light,Bus,1
V0475,2025-11-07 09:34:00.670262,Intersection_19,Speeding,Car,4
V0476,2025-11-03 22:10:00.670262,Intersection_8,No Helmet,Bike,2
V0477,2025-11-04 03:01:00.670262,Intersection_7,Wrong Lane,Bus,4
V0478,2025-11-09 13:39:00.670262,Intersection_11,Wrong Lane,Car,3
V0479,2025-11-04 11:15:00.670262,Intersection_16,Speeding,Truck,1
V0480,2025-11-04 11:47:00.670262,Intersection_20,Red Light,Bike,3
V0481,2025-11-10 06:51:00.670262,Intersection_17,Red Light,Car,3
V0482,2025-11-09 09:55:00.670262,Intersection_11,Red Light,Bike,4
V0483,2025-11-08 17:07:00.670262,Intersection_8,No Helmet,Car,1
V0484,2025-11-06 22:49:00.670262,Intersection_7,Speeding,Truck,2
V0485,2025-11-05 17:47:00.670262,Intersection_13,Red Light,Truck,4
V0486,2025-11-09 20:49:00.670262,Intersection_13,Wrong Lane,Truck,2
V0487,2025-11-08 02:39:00.670262,Intersection_1,No Helmet,Bus,2
V0488,2025-11-05 04:01:00.670262,Intersection_5,Wrong Lane,Bus,2
V0489,2025-11-10 05:20:00.670262,Intersection_2,Speeding,Truck,4
V0490,2025-11-08 12:17:00.670262,Intersection_7,No Helmet,Bike,4
V0491,2025-11-05 14:37:00.670262,Intersection_9,No Helmet,Car,2
V0492,2025-11-06 14:56:00.670262,Intersection_1,Wrong Lane,Bike,5
V0493,2025-11-05 08:31:00.670262,Intersection_9,Speeding,Car,5
V0494,2025-11-05 12:13:00.670262,Intersection_11,Speeding,Car,1
V0495,2025-11-06 08:45:00.670262,Intersection_9,Speeding,Bus,1
V0496,2025-11-06 15:51:00.670262,Intersection_20,No Helmet,Car,3
V0497,2025-11-06 17:50:00.670262,Intersection_14,Red Light,Car,4
V0498,2025-11-09 17:42:00.670262,Intersection_6,No Helmet,Car,2
V0499,2025-11-07 17:20:00.670262,Intersection_4,Speeding,Bus,2
V0500,2025-11-07 07:19:00.670262,Intersection_3,Wrong Lane,Bike,3
V0501,2025-11-09 17:04:00.670262,Intersection_19,Red Light,Bike,5
V0502,2025-11-08 20:15:00.670262,Intersection_17,Wrong Lane,Car,2
V0503,2025-11-07 22:29:00.670262,Intersection_14,Speeding,Bus,3
V0504,2025-11-10 06:38:00.670262,Intersection_6,Wrong Lane,Truck,2
V0505,2025-11-10 07:51:00.670262,Intersection_7,No Helmet,Truck,2
V0506,2025-11-09 11:06:00.670262,Intersection_13,No Helmet,Truck,2
V0507,2025-11-07 03:42:00.670262,Intersection_9,Wrong Lane,Bike,4
V0508,2025-11-07 04:13:00.670262,Intersection_15,Red Light,Bike,3
V0509,2025-11-07 19:37:00.670262,Intersection_17,Red Light,Bus,2
V0510,2025-11-08 15:25:00.670262,Intersection_5,Red Light,Bike,5
V0511,2025-11-08 15:04:00.670262,Intersection_6,Red Light,Car,2
V0512,2025-11-07 09:11:00.670262,Intersection_7,Speeding,Bike,3
V0513,2025-11-07 15:21:00.670262,Intersection_16,Red Light,Bike,4
V0514,2025-11-09 03:37:00.670262,Intersection_2,Wrong Lane,Bus,1
V0515,2025-11-06 21:44:00.670262,Intersection_16,Speeding,Truck,5
V0516,2025-11-05 08:50:00.670262,Intersection_14,Speeding,Bike,4
V0517,2025-11-09 22:16:00.670262,Intersection_7,Speeding,Bus,1
V0518,2025-11-08 16:21:00.670262,Intersection_17,No Helmet,Bike,2
V0519,2025-11-08 15:11:00.670262,Intersection_9,Red Light,Bus,2
V0520,2025-11-07 20:10:00.670262,Intersection_15,Wrong Lane,Car,1
V0521,2025-11-07 05:01:00.670262,Intersection_8,Wrong Lane,Bus,2
V0522,2025-11-10 07:34:00.670262,Intersection_18,Speeding,Bike,5
V0523,2025-11-06 00:36:00.670262,Intersection_1,Wrong Lane,Car,5
V0524,2025-11-04 09:25:00.670262,Intersection_1,Wrong Lane,Car,1
V0525,2025-11-04 14:20:00.670262,Intersection_1,No Helmet,Car,2
V0526,2025-11-04 14:22:00.670262,Intersection_3,Speeding,Car,2
V0527,2025-11-09 06:56:00.670262,Intersection_19,Red Light,Truck,5
V0528,2025-11-07 20:09:00.670262,Intersection_2,Speeding,Bike,4
V0529,2025-11-09 04:58:00.670262,Intersection_6,Speeding,Truck,3
V0530,2025-11-09 20:03:00.670262,Intersection_20,Wrong Lane,Bike,2
V0531,2025-11-10 05:50:00.670262,Intersection_16,No Helmet,Bus,3
V0532,2025-11-10 15:51:00.670262,Intersection_4,No Helmet,Bus,1
V0533,2025-11-03 22:55:00.670262,Intersection_7,Wrong Lane,Car,4
V0534,2025-11-07 21:14:00.670262,Intersection_19,Speeding,Bike,2
V0535,2025-11-10 02:54:00.670262,Intersection_8,Speeding,Car,1
V0536,2025-11-10 07:04:00.670262,Intersection_13,Red Light,Bike,3
V0537,2025-11-04 22:07:00.670262,Intersection_20,No Helmet,Truck,5
V0538,2025-11-05 10:28:00.670262,Intersection_4,Red Light,Bus,3
V0539,2025-11-08 22:02:00.670262,Intersection_10,Wrong Lane,Truck,2
V0540,2025-11-10 01:52:00.670262,Intersection_1,Wrong Lane,Bike,2
V0541,2025-11-07 10:36:00.670262,Intersection_8,Wrong Lane,Bike,1
V0542,2025-11-10 12:06:00.670262,Intersection_13,No Helmet,Bike,4
V0543,2025-11-10 16:16:00.670262,Intersection_12,No Helmet,Car,3
V0544,2025-11-08 07:41:00.670262,Intersection_2,Speeding,Bus,3
V0545,2025-11-10 08:21:00.670262,Intersection_16,Wrong Lane,Bus,5
V0546,2025-11-09 12:33:00.670262,Intersection_19,Speeding,Truck,3
V0547,2025-11-06 06:42:00.670262,Intersection_18,Red Light,Bus,4
V0548,2025-11-04 21:42:00.670262,Intersection_8,Wrong Lane,Car,4
V0549,2025-11-04 01:53:00.670262,Intersection_3,No Helmet,Bike,3
V0550,2025-11-05 12:38:00.670262,Intersection_1,Red Light,Truck,4
V0551,2025-11-05 03:50:00.670262,Intersection_17,Red Light,Car,2
V0552,2025-11-06 16:38:00.670262,Intersection_15,Wrong Lane,Bus,1
V0553,2025-11-04 00:58:00.670262,Intersection_6,Red Light,Car,1
V0554,2025-11-10 13:39:00.670262,Intersection_15,Red Light,Bus,4
V0555,2025-11-05 16:45:00.670262,Intersection_14,Speeding,Bus,3
V0556,2025-11-06 12:14:00.670262,Intersection_9,Speeding,Truck,4
V0557,2025-11-07 23:26:00.670262,Intersection_3,No Helmet,Bike,4
V0558,2025-11-09 23:06:00.670262,Intersection_16,Red Light,Truck,3
V0559,2025-11-05 06:31:00.670262,Intersection_10,Wrong Lane,Bus,3
V0560,2025-11-03 22:00:00.670262,Intersection_10,Red Light,Car,5
V0561,2025-11-07 06:00:00.670262,Intersection_17,Speeding,Truck,1
V0562,2025-11-04 08:13:00.670262,Intersection_13,Wrong Lane,Truck,3
V0563,2025-11-07 02:10:00.670262,Intersection_11,No Helmet,Bike,3
V0564,2025-11-10 04:15:00.670262,Intersection_6,Speeding,Car,3
V0565,2025-11-04 20:25:00.670262,Intersection_20,Speeding,Car,1
V0566,2025-11-09 14:18:00.670262,Intersection_19,Speeding,Truck,3
V0567,2025-11-10 10:11:00.670262,Intersection_17,Wrong Lane,Bus,2
V0568,2025-11-10 03:17:00.670262,Intersection_19,No Helmet,Bus,3
V0569,2025-11-07 14:00:00.670262,Intersection_16,Red Light,Truck,1
V0570,2025-11-08 12:27:00.670262,Intersection_14,Wrong Lane,Car,1
V0571,2025-11-07 18:57:00.670262,Intersection_1,No Helmet,Car,3
V0572,2025-11-07 21:19:00.670262,Intersection_6,Wrong Lane,Car,2
V0573,2025-11-06 23:44:00.670262,Intersection_19,Speeding,Bike,1
V0574,2025-11-05 04:49:00.670262,Intersection_14,Wrong Lane,Truck,1
V0575,2025-11-04 21:46:00.670262,Intersection_2,Speeding,Bus,4
V0576,2025-11-04 04:01:00.670262,Intersection_9,No Helmet,Bus,4
V0577,2025-11-09 02:57:00.670262,Intersection_6,No Helmet,Car,5
V0578,2025-11-07 23:26:00.670262,Intersection_17,Red Light,Car,2
V0579,2025-11-07 02:10:00.670262,Intersection_9,Speeding,Truck,2
V0580,2025-11-04 06:15:00.670262,Intersection_3,No Helmet,Truck,1
V0581,2025-11-10 00:58:00.670262,Intersection_10,Speeding,Bus,2
V0582,2025-11-04 15:42:00.670262,Intersection_9,Wrong Lane,Truck,1
V0583,2025-11-07 05:46:00.670262,Intersection_5,Red Light,Car,3
V0584,2025-11-05 15:07:00.670262,Intersection_10,No Helmet,Bike,3
V0585,2025-11-07 20:32:00.670262,Intersection_20,Red Light,Bike,5
V0586,2025-11-03 22:30:00.670262,Intersection_18,Speeding,Bus,5
V0587,2025-11-04 09:33:00.670262,Intersection_13,Wrong Lane,Car,3
V0588,2025-11-09 04:34:00.670262,Intersection_19,Wrong Lane,Car,5
V0589,2025-11-05 17:29:00.670262,Intersection_12,Speeding,Truck,1
V0590,2025-11-06 23:20:00.670262,Intersection_20,Speeding,Truck,4
V0591,2025-11-06 15:07:00.670262,Intersection_5,Speeding,Car,3
V0592,2025-11-06 21:50:00.670262,Intersection_3,No Helmet,Truck,2
V0593,2025-11-09 00:53:00.670262,Intersection_2,Speeding,Truck,2
V0594,2025-11-07 20:37:00.670262,Intersection_2,No Helmet,Truck,4
V0595,2025-11-08 18:07:00.670262,Intersection_9,Wrong Lane,Car,1
V0596,2025-11-07 10:40:00.670262,Intersection_12,Wrong Lane,Truck,4
V0597,2025-11-06 18:09:00.670262,Intersection_5,Red Light,Truck,1
V0598,2025-11-10 02:00:00.670262,Intersection_16,Speeding,Car,2
V0599,2025-11-06 04:26:00.670262,Intersection_12,Wrong Lane,Bus,2
V0600,2025-11-10 14:16:00.670262,Intersection_20,Red Light,Bus,1
V0601,2025-11-10 06:44:00.670262,Intersection_13,Speeding,Bus,5
V0602,2025-11-10 03:00:00.670262,Intersection_15,Wrong Lane,Bus,1
V0603,2025-11-07 16:11:00.670262,Intersection_4,Red Light,Truck,2
V0604,2025-11-09 19:59:00.670262,Intersection_15,Wrong Lane,Truck,4
V0605,2025-11-03 21:20:00.670262,Intersection_6,Speeding,Car,4
V0606,2025-11-08 06:36:00.670262,Intersection_19,Wrong Lane,Bike,4
V0607,2025-11-09 06:42:00.670262,Intersection_8,Speeding,Bike,2
V0608,2025-11-07 12:10:00.670262,Intersection_10,Wrong Lane,Bus,5
V0609,2025-11-03 22:11:00.670262,Intersection_17,Speeding,Bike,5
V0610,2025-11-08 14:32:00.670262,Intersection_20,Red Light,Bike,5
V0611,2025-11-04 08:06:00.670262,Intersection_5,Wrong Lane,Truck,2
V0612,2025-11-04 11:40:00.670262,Intersection_15,Red Light,Bus,3
V0613,2025-11-05 09:29:00.670262,Intersection_15,Speeding,Bike,1
V0614,2025-11-09 16:21:00.670262,Intersection_2,Red Light,Car,4
V0615,2025-11-10 06:09:00.670262,Intersection_15,Wrong Lane,Car,5
V0616,2025-11-07 14:07:00.670262,Intersection_2,Speeding,Bike,4
V0617,2025-11-06 23:34:00.670262,Intersection_2,Wrong Lane,Truck,4
V0618,2025-11-04 01:10:00.670262,Intersection_7,No Helmet,Bike,3
V0619,2025-11-08 04:30:00.670262,Intersection_18,No Helmet,Bus,1
V0620,2025-11-05 04:18:00.670262,Intersection_17,Wrong Lane,Car,1
V0621,2025-11-03 20:59:00.670262,Intersection_16,Wrong Lane,Car,3
V0622,2025-11-06 21:10:00.670262,Intersection_4,Red Light,Truck,4
V0623,2025-11-08 18:33:00.670262,Intersection_17,Red Light,Truck,1
V0624,2025-11-04 10:54:00.670262,Intersection_15,Wrong Lane,Bike,1
V0625,2025-11-10 03:25:00.670262,Intersection_4,Speeding,Truck,2
V0626,2025-11-06 10:08:00.670262,Intersection_8,Speeding,Truck,4
V0627,2025-11-07 03:52:00.670262,Intersection_11,Wrong Lane,Truck,3
V0628,2025-11-07 21:38:00.670262,Intersection_1,Speeding,Bike,1
V0629,2025-11-06 00:00:00.670262,Intersection_10,Red Light,Car,5
V0630,2025-11-07 04:11:00.670262,Intersection_11,Red Light,Truck,5
V0631,2025-11-09 20:30:00.670262,Intersection_4,No Helmet,Bus,3
V0632,2025-11-08 02:20:00.670262,Intersection_12,Wrong Lane,Truck,1
V0633,2025-11-09 21:36:00.670262,Intersection_3,Red Light,Bus,2
V0634,2025-11-06 22:54:00.670262,Intersection_19,Red Light,Car,1
V0635,2025-11-07 05:23:00.670262,Intersection_15,Red Light,Car,4
V0636,2025-11-07 02:12:00.670262,Intersection_6,Red Light,Bike,3
V0637,2025-11-10 14:44:00.670262,Intersection_9,Red Light,Truck,3
V0638,2025-11-06 02:23:00.670262,Intersection_4,Red Light,Truck,4
V0639,2025-11-05 20:20:00.675305,Intersection_2,No Helmet,Bike,3
V0640,2025-11-04 05:21:00.675305,Intersection_11,No Helmet,Truck,2
V0641,2025-11-09 23:32:00.675305,Intersection_6,Speeding,Bike,3
V0642,2025-11-08 06:24:00.675305,Intersection_14,No Helmet,Truck,3
V0643,2025-11-07 18:26:00.675305,Intersection_13,No Helmet,Car,3
V0644,2025-11-08 03:42:00.675305,Intersection_15,No Helmet,Truck,5
V0645,2025-11-05 09:35:00.675305,Intersection_8,Speeding,Truck,2
V0646,2025-11-05 21:27:00.675305,Intersection_15,Wrong Lane,Bus,4
V0647,2025-11-09 04:59:00.675305,Intersection_20,No Helmet,Bus,2
V0648,2025-11-09 07:17:00.675305,Intersection_2,Red Light,Truck,1
V0649,2025-11-07 16:22:00.675305,Intersection_6,No Helmet,Car,1
V0650,2025-11-04 07:29:00.675305,Intersection_11,No Helmet,Truck,4
V0651,2025-11-05 02:07:00.675305,Intersection_6,Wrong Lane,Car,4
V0652,2025-11-04 20:50:00.675305,Intersection_20,No Helmet,Car,3
V0653,2025-11-03 23:19:00.675305,Intersection_11,Red Light,Bus,2
V0654,2025-11-08 06:53:00.675305,Intersection_12,Speeding,Truck,1
V0655,2025-11-10 04:53:00.675305,Intersection_8,Red Light,Car,4
V0656,2025-11-09 11:33:00.675305,Intersection_2,Speeding,Bus,3
V0657,2025-11-06 07:47:00.675305,Intersection_18,Wrong Lane,Car,1
V0658,2025-11-06 06:44:00.675305,Intersection_15,Wrong Lane,Bus,5
V0659,2025-11-07 04:38:00.675305,Intersection_4,Wrong Lane,Bus,5
V0660,2025-11-03 23:09:00.675305,Intersection_19,Red Light,Bus,1
V0661,2025-11-07 20:04:00.675305,Intersection_4,Wrong Lane,Bus,2
V0662,2025-11-09 16:29:00.675305,Intersection_11,No Helmet,Bike,1
V0663,2025-11-04 19:21:00.675305,Intersection_10,Red Light,Car,2
V0664,2025-11-05 17:27:00.675305,Intersection_7,Speeding,Truck,1
V0665,2025-11-05 00:58:00.675305,Intersection_18,Wrong Lane,Bike,1
V0666,2025-11-05 08:53:00.675305,Intersection_19,Red Light,Bus,3
V0667,2025-11-06 21:07:00.675305,Intersection_18,Wrong Lane,Bus,2
V0668,2025-11-05 00:19:00.675305,Intersection_7,Wrong Lane,Truck,2
V0669,2025-11-10 07:17:00.675305,Intersection_5,No Helmet,Car,1
V0670,2025-11-08 00:26:00.675305,Intersection_14,Red Light,Truck,3
V0671,2025-11-04 23:57:00.675305,Intersection_16,Speeding,Truck,2
V0672,2025-11-06 00:29:00.675305,Intersection_18,Speeding,Car,3
V0673,2025-11-04 08:01:00.675305,Intersection_18,Wrong Lane,Truck,4
V0674,2025-11-06 09:06:00.675305,Intersection_20,No Helmet,Car,4
V0675,2025-11-05 06:59:00.675305,Intersection_9,No Helmet,Truck,4
V0676,2025-11-06 03:23:00.675305,Intersection_16,Wrong Lane,Truck,3
V0677,2025-11-08 14:16:00.675305,Intersection_11,Speeding,Car,3
V0678,2025-11-06 14:04:00.675305,Intersection_10,Speeding,Bus,4
V0679,2025-11-09 21:25:00.675305,Intersection_19,No Helmet,Truck,2
V0680,2025-11-04 13:46:00.675305,Intersection_9,Speeding,Truck,4
V0681,2025-11-05 06:54:00.675305,Intersection_6,Red Light,Bike,1
V0682,2025-11-03 22:57:00.675305,Intersection_2,Red Light,Truck,2
V0683,2025-11-08 22:26:00.675305,Intersection_3,Speeding,Bus,2
V0684,2025-11-04 11:07:00.675305,Intersection_18,Red Light,Truck,2
V0685,2025-11-07 10:17:00.675305,Intersection_10,Red Light,Bus,2
V0686,2025-11-06 23:42:00.675305,Intersection_15,Speeding,Bus,4
V0687,2025-11-07 00:57:00.675305,Intersection_12,Speeding,Bus,4
V0688,2025-11-05 04:07:00.675305,Intersection_12,Red Light,Bike,4
V0689,2025-11-08 22:51:00.675305,Intersection_20,Speeding,Bike,1
V0690,2025-11-05 00:48:00.675305,Intersection_7,Red Light,Car,5
V0691,2025-11-04 22:37:00.675305,Intersection_3,Wrong Lane,Bike,2
V0692,2025-11-10 02:51:00.675305,Intersection_9,No Helmet,Bike,1
V0693,2025-11-08 03:21:00.675305,Intersection_19,Speeding,Bus,5
V0694,2025-11-07 23:27:00.675305,Intersection_19,Speeding,Truck,3
V0695,2025-11-09 23:59:00.675305,Intersection_8,Wrong Lane,Bike,2
V0696,2025-11-08 20:44:00.675305,Intersection_10,Wrong Lane,Car,4
V0697,2025-11-05 11:59:00.675305,Intersection_2,Red Light,Bike,5
V0698,2025-11-08 22:54:00.675305,Intersection_8,No Helmet,Car,2
V0699,2025-11-05 12:46:00.675305,Intersection_8,Red Light,Car,2
V0700,2025-11-05 23:45:00.675305,Intersection_16,No Helmet,Bike,3
V0701,2025-11-05 23:10:00.675305,Intersection_17,No Helmet,Bus,1
V0702,2025-11-09 18:34:00.675305,Intersection_6,Speeding,Car,1
V0703,2025-11-05 00:34:00.675305,Intersection_20,Wrong Lane,Bus,4
V0704,2025-11-10 06:54:00.675305,Intersection_18,Wrong Lane,Bus,2
V0705,2025-11-08 23:56:00.675305,Intersection_17,Wrong Lane,Bus,4
V0706,2025-11-05 05:10:00.675305,Intersection_6,Speeding,Truck,1
V0707,2025-11-06 06:38:00.675305,Intersection_12,Wrong Lane,Car,4
V0708,2025-11-04 16:05:00.675305,Intersection_12,Wrong Lane,Car,1
V0709,2025-11-10 02:45:00.675305,Intersection_8,Wrong Lane,Truck,4
V0710,2025-11-10 16:04:00.675305,Intersection_14,Red Light,Bike,1
V0711,2025-11-08 21:54:00.675305,Intersection_9,Wrong Lane,Bike,5
V0712,2025-11-06 04:02:00.675305,Intersection_4,No Helmet,Bus,2
V0713,2025-11-04 23:18:00.675305,Intersection_14,No Helmet,Bike,4
V0714,2025-11-07 12:47:00.675305,Intersection_1,Red Light,Bus,5
V0715,2025-11-04 15:37:00.675305,Intersection_2,Speeding,Bus,4
V0716,2025-11-08 09:05:00.675305,Intersection_7,Red Light,Truck,1
V0717,2025-11-08 19:38:00.675305,Intersection_5,Red Light,Bike,2
V0718,2025-11-08 08:21:00.675305,Intersection_6,Speeding,Bus,2
V0719,2025-11-04 21:37:00.675305,Intersection_18,Red Light,Bike,1
V0720,2025-11-04 00:43:00.675305,Intersection_5,Speeding,Bike,5
V0721,2025-11-03 21:39:00.675305,Intersection_19,No Helmet,Truck,5
V0722,2025-11-05 05:10:00.675305,Intersection_16,Wrong Lane,Bike,2
V0723,2025-11-05 09:02:00.675305,Intersection_16,No Helmet,Bus,1
V0724,2025-11-10 10:42:00.675305,Intersection_3,Wrong Lane,Bike,2
V0725,2025-11-10 14:43:00.675305,Intersection_8,Speeding,Truck,1
V0726,2025-11-08 06:07:00.675305,Intersection_7,Speeding,Truck,2
V0727,2025-11-10 08:36:00.675305,Intersection_4,Wrong Lane,Bus,3
V0728,2025-11-07 00:21:00.675305,Intersection_18,No Helmet,Bike,3
V0729,2025-11-04 17:25:00.675305,Intersection_4,No Helmet,Truck,2
V0730,2025-11-06 21:36:00.675305,Intersection_16,Red Light,Truck,1
V0731,2025-11-05 05:07:00.675305,Intersection_17,Red Light,Bike,2
V0732,2025-11-04 12:27:00.675305,Intersection_13,Speeding,Bus,5
V0733,2025-11-07 05:31:00.675305,Intersection_20,No Helmet,Truck,1
V0734,2025-11-08 17:16:00.675305,Intersection_10,No Helmet,Bike,1
V0735,2025-11-05 12:32:00.675305,Intersection_4,Speeding,Truck,2
V0736,2025-11-10 14:01:00.675305,Intersection_14,No Helmet,Truck,3
V0737,2025-11-07 03:46:00.675305,Intersection_9,Speeding,Bus,3
V0738,2025-11-10 12:21:00.675305,Intersection_20,Red Light,Car,3
V0739,2025-11-08 05:15:00.675305,Intersection_9,Speeding,Car,4
V0740,2025-11-04 05:54:00.675305,Intersection_4,No Helmet,Truck,5
V0741,2025-11-08 09:18:00.675305,Intersection_12,No Helmet,Bus,4
V0742,2025-11-05 23:28:00.675305,Intersection_4,Wrong Lane,Bus,5
V0743,2025-11-05 03:02:00.675305,Intersection_1,No Helmet,Car,1
V0744,2025-11-10 18:46:00.675305,Intersection_1,Red Light,Bus,2
V0745,2025-11-08 08:04:00.675305,Intersection_4,No Helmet,Bike,1
V0746,2025-11-09 05:11:00.675305,Intersection_12,No Helmet,Bus,4
V0747,2025-11-09 18:56:00.675305,Intersection_5,Red Light,Truck,1
V0748,2025-11-07 17:55:00.675305,Intersection_6,No Helmet,Truck,5
V0749,2025-11-09 01:22:00.675305,Intersection_13,No Helmet,Truck,1
V0750,2025-11-09 00:12:00.675305,Intersection_19,Wrong Lane,Car,2
V0751,2025-11-09 14:09:00.675305,Intersection_19,Red Light,Bike,1
V0752,2025-11-10 06:02:00.675305,Intersection_8,Red Light,Car,5
V0753,2025-11-09 13:55:00.675305,Intersection_14,No Helmet,Bus,1
V0754,2025-11-09 02:05:00.675305,Intersection_4,Red Light,Truck,1
V0755,2025-11-06 11:58:00.675305,Intersection_20,Wrong Lane,Truck,4
V0756,2025-11-06 16:10:00.675305,Intersection_4,Wrong Lane,Bike,5
V0757,2025-11-10 10:12:00.675305,Intersection_8,Speeding,Truck,2
V0758,2025-11-07 06:26:00.675305,Intersection_3,Red Light,Bike,4
V0759,2025-11-04 03:34:00.675305,Intersection_1,No Helmet,Truck,5
V0760,2025-11-07 20:03:00.675305,Intersection_19,Wrong Lane,Bus,1
V0761,2025-11-08 02:03:00.675305,Intersection_17,Red Light,Car,3
V0762,2025-11-09 18:22:00.675305,Intersection_5,Speeding,Truck,4
V0763,2025-11-05 14:10:00.675305,Intersection_6,No Helmet,Car,5
V0764,2025-11-07 23:20:00.675305,Intersection_8,Red Light,Bike,2
V0765,2025-11-05 06:25:00.675305,Intersection_14,No Helmet,Bus,2
V0766,2025-11-04 18:34:00.675305,Intersection_11,Red Light,Bus,3
V0767,2025-11-05 13:05:00.675305,Intersection_8,Red Light,Car,4
V0768,2025-11-09 13:55:00.675305,Intersection_1,Speeding,Truck,5
V0769,2025-11-08 09:32:00.675305,Intersection_13,No Helmet,Truck,2
V0770,2025-11-05 12:36:00.675305,Intersection_9,Red Light,Car,1
V0771,2025-11-10 05:33:00.675305,Intersection_20,Red Light,Car,2
V0772,2025-11-04 05:08:00.675305,Intersection_9,Speeding,Bike,1
V0773,2025-11-07 18:57:00.675305,Intersection_9,Red Light,Truck,5
V0774,2025-11-08 14:46:00.675305,Intersection_7,Wrong Lane,Truck,3
V0775,2025-11-06 03:45:00.675305,Intersection_3,Speeding,Truck,1
V0776,2025-11-04 05:43:00.675305,Intersection_3,Red Light,Bus,1
V0777,2025-11-06 17:08:00.675305,Intersection_6,Speeding,Bike,1
V0778,2025-11-06 03:18:00.675305,Intersection_10,No Helmet,Car,3
V0779,2025-11-04 00:26:00.675305,Intersection_20,No Helmet,Car,1
V0780,2025-11-10 18:42:00.675305,Intersection_11,Red Light,Bike,1
V0781,2025-11-07 02:38:00.675305,Intersection_18,Speeding,Bike,5
V0782,2025-11-08 05:06:00.675305,Intersection_9,Speeding,Bike,3
V0783,2025-11-05 06:16:00.675305,Intersection_17,Red Light,Bike,3
V0784,2025-11-08 17:11:00.675305,Intersection_10,Red Light,Car,2
V0785,2025-11-09 23:59:00.675305,Intersection_15,No Helmet,Bike,2
V0786,2025-11-05 06:42:00.675305,Intersection_1,Wrong Lane,Bus,2
V0787,2025-11-04 10:43:00.675305,Intersection_1,No Helmet,Bus,3
V0788,2025-11-05 20:20:00.675305,Intersection_4,Wrong Lane,Bike,5
V0789,2025-11-09 05:15:00.675305,Intersection_6,Red Light,Bike,1
V0790,2025-11-06 06:16:00.675305,Intersection_6,Red Light,Bike,5
V0791,2025-11-07 01:55:00.675305,Intersection_9,Wrong Lane,Car,1
V0792,2025-11-08 16:13:00.675305,Intersection_6,Speeding,Bike,3
V0793,2025-11-10 16:42:00.675305,Intersection_18,Speeding,Bike,1
V0794,2025-11-10 16:46:00.675305,Intersection_20,Wrong Lane,Bike,5
V0795,2025-11-10 05:16:00.675305,Intersection_1,Red Light,Truck,4
V0796,2025-11-05 01:07:00.675305,Intersection_5,Speeding,Car,3
V0797,2025-11-10 17:42:00.675305,Intersection_13,Speeding,Bike,4
V0798,2025-11-09 07:05:00.675305,Intersection_5,Red Light,Bike,1
V0799,2025-11-04 16:18:00.675305,Intersection_8,Speeding,Car,5
V0800,2025-11-09 16:15:00.675305,Intersection_13,Red Light,Car,4
V0801,2025-11-08 19:16:00.675305,Intersection_8,Speeding,Bike,4
V0802,2025-11-04 06:04:00.675305,Intersection_16,No Helmet,Truck,5
V0803,2025-11-10 16:51:00.675305,Intersection_15,Wrong Lane,Truck,2
V0804,2025-11-10 11:53:00.675305,Intersection_13,Speeding,Bus,2
V0805,2025-11-04 18:08:00.675305,Intersection_18,Wrong Lane,Car,3
V0806,2025-11-10 05:16:00.675305,Intersection_10,Speeding,Bike,2
V0807,2025-11-10 11:21:00.675305,Intersection_12,Speeding,Car,5
V0808,2025-11-09 04:18:00.675305,Intersection_2,Wrong Lane,Car,2
V0809,2025-11-10 14:41:00.675305,Intersection_7,Red Light,Bike,4
V0810,2025-11-09 04:16:00.675305,Intersection_5,Speeding,Bike,3
V0811,2025-11-08 04:27:00.675305,Intersection_11,No Helmet,Car,5
V0812,2025-11-10 15:57:00.675305,Intersection_18,Wrong Lane,Truck,1
V0813,2025-11-09 01:58:00.675305,Intersection_12,Speeding,Bus,3
V0814,2025-11-08 20:50:00.675305,Intersection_2,Red Light,Car,3
V0815,2025-11-08 19:07:00.675305,Intersection_18,Speeding,Bus,5
V0816,2025-11-06 14:00:00.675305,Intersection_1,No Helmet,Bus,1
V0817,2025-11-08 02:48:00.675305,Intersection_9,Red Light,Truck,1
V0818,2025-11-08 00:09:00.675305,Intersection_19,Speeding,Bike,1
V0819,2025-11-04 12:59:00.675305,Intersection_8,Speeding,Bike,1
V0820,2025-11-04 21:39:00.675305,Intersection_12,Speeding,Truck,5
V0821,2025-11-06 09:04:00.675305,Intersection_3,No Helmet,Bus,1
V0822,2025-11-06 10:39:00.675305,Intersection_9,No Helmet,Bus,1
V0823,2025-11-04 09:10:00.675305,Intersection_7,Red Light,Bike,1
V0824,2025-11-06 14:29:00.675305,Intersection_13,Red Light,Truck,2
V0825,2025-11-08 18:42:00.675305,Intersection_1,Speeding,Bike,5
V0826,2025-11-05 11:22:00.675305,Intersection_14,Speeding,Truck,3
V0827,2025-11-08 05:39:00.675305,Intersection_16,Speeding,Bus,5
V0828,2025-11-06 06:02:00.675305,Intersection_9,Wrong Lane,Truck,5
V0829,2025-11-10 13:54:00.675305,Intersection_10,No Helmet,Car,1
V0830,2025-11-07 05:59:00.675305,Intersection_1,Wrong Lane,Bus,1
V0831,2025-11-06 15:24:00.675305,Intersection_20,No Helmet,Car,2
V0832,2025-11-09 00:01:00.675305,Intersection_6,Wrong Lane,Bike,1
V0833,2025-11-06 07:33:00.675305,Intersection_6,Wrong Lane,Bus,5
V0834,2025-11-07 07:19:00.675305,Intersection_7,No Helmet,Truck,1
V0835,2025-11-04 13:24:00.675305,Intersection_2,Red Light,Bike,1
V0836,2025-11-08 23:11:00.675305,Intersection_11,Red Light,Car,3
V0837,2025-11-04 16:51:00.675305,Intersection_9,Wrong Lane,Car,4
V0838,2025-11-06 14:39:00.675305,Intersection_14,Red Light,Car,2
V0839,2025-11-07 09:34:00.675305,Intersection_12,Wrong Lane,Truck,4
V0840,2025-11-09 20:07:00.675305,Intersection_15,No Helmet,Truck,4
V0841,2025-11-07 18:50:00.675305,Intersection_18,Speeding,Car,5
V0842,2025-11-06 02:43:00.675305,Intersection_4,No Helmet,Bike,5
V0843,2025-11-06 03:01:00.675305,Intersection_14,Red Light,Bus,3
V0844,2025-11-08 13:03:00.675305,Intersection_2,Red Light,Car,2
V0845,2025-11-09 15:46:00.675305,Intersection_6,Wrong Lane,Truck,1
V0846,2025-11-05 20:59:00.675305,Intersection_12,No Helmet,Bus,5
V0847,2025-11-08 01:08:00.675305,Intersection_1,No Helmet,Car,5
V0848,2025-11-04 01:18:00.675305,Intersection_5,Wrong Lane,Car,1
V0849,2025-11-04 17:39:00.675305,Intersection_7,Red Light,Bike,3
V0850,2025-11-09 02:49:00.675305,Intersection_17,Speeding,Truck,1
V0851,2025-11-06 02:54:00.675305,Intersection_17,Wrong Lane,Truck,2
V0852,2025-11-08 08:43:00.675305,Intersection_3,No Helmet,Car,2
V0853,2025-11-08 10:35:00.675305,Intersection_2,Wrong Lane,Bus,5
V0854,2025-11-08 23:05:00.675305,Intersection_1,No Helmet,Bike,3
V0855,2025-11-06 17:42:00.675305,Intersection_9,No Helmet,Truck,5
V0856,2025-11-09 20:44:00.675305,Intersection_18,Red Light,Car,5
V0857,2025-11-04 14:12:00.675305,Intersection_2,Red Light,Truck,1
V0858,2025-11-06 13:12:00.675305,Intersection_20,No Helmet,Car,1
V0859,2025-11-09 11:10:00.675305,Intersection_15,Speeding,Bike,5
V0860,2025-11-08 07:51:00.675305,Intersection_17,No Helmet,Bus,2
V0861,2025-11-06 18:18:00.675305,Intersection_2,No Helmet,Car,5
V0862,2025-11-08 13:11:00.675305,Intersection_1,Wrong Lane,Bus,3
V0863,2025-11-10 01:53:00.675305,Intersection_4,Speeding,Truck,4
V0864,2025-11-03 20:35:00.675305,Intersection_11,Speeding,Bike,2
V0865,2025-11-05 19:34:00.675305,Intersection_2,Red Light,Bike,5
V0866,2025-11-06 22:24:00.675305,Intersection_17,No Helmet,Truck,1
V0867,2025-11-06 16:42:00.675305,Intersection_4,No Helmet,Bus,5
V0868,2025-11-04 08:19:00.675305,Intersection_17,Red Light,Bus,4
V0869,2025-11-04 21:42:00.675305,Intersection_9,Wrong Lane,Bike,5
V0870,2025-11-10 14:48:00.675305,Intersection_10,Wrong Lane,Truck,1
V0871,2025-11-09 16:04:00.675305,Intersection_14,Wrong Lane,Bike,2
V0872,2025-11-04 07:20:00.675305,Intersection_8,Wrong Lane,Car,1
V0873,2025-11-10 09:36:00.675305,Intersection_12,Red Light,Bus,5
V0874,2025-11-10 08:00:00.675305,Intersection_14,Speeding,Truck,1
V0875,2025-11-04 20:58:00.675305,Intersection_16,No Helmet,Bike,3
V0876,2025-11-06 19:36:00.675305,Intersection_19,Speeding,Car,1
V0877,2025-11-09 07:15:00.675305,Intersection_10,Wrong Lane,Truck,4
V0878,2025-11-04 09:34:00.675305,Intersection_16,No Helmet,Truck,4
V0879,2025-11-08 10:57:00.675305,Intersection_8,Wrong Lane,Bike,3
V0880,2025-11-10 11:38:00.675305,Intersection_6,Speeding,Bike,4
V0881,2025-11-07 23:20:00.675305,Intersection_9,Red Light,Bus,5
V0882,2025-11-09 15:34:00.675305,Intersection_20,Wrong Lane,Truck,5
V0883,2025-11-04 09:08:00.675305,Intersection_7,Red Light,Truck,5
V0884,2025-11-06 17:15:00.675305,Intersection_3,No Helmet,Bike,1
V0885,2025-11-08 16:12:00.675305,Intersection_7,Red Light,Car,3
V0886,2025-11-09 06:07:00.675305,Intersection_12,Speeding,Truck,2
V0887,2025-11-09 04:46:00.675305,Intersection_4,Wrong Lane,Truck,4
V0888,2025-11-08 09:06:00.675305,Intersection_9,Red Light,Car,3
V0889,2025-11-04 06:52:00.675305,Intersection_5,Speeding,Bus,5
V0890,2025-11-05 09:37:00.675305,Intersection_18,Red Light,Bus,3
V0891,2025-11-08 04:10:00.675305,Intersection_13,Speeding,Bike,1
V0892,2025-11-05 18:19:00.675305,Intersection_12,Speeding,Car,5
V0893,2025-11-06 00:30:00.675305,Intersection_18,No Helmet,Bus,3
V0894,2025-11-10 03:41:00.675305,Intersection_1,Wrong Lane,Bus,2
V0895,2025-11-07 08:24:00.675305,Intersection_5,Speeding,Bus,5
V0896,2025-11-04 06:00:00.675305,Intersection_16,No Helmet,Bike,3
V0897,2025-11-06 11:21:00.675305,Intersection_4,Wrong Lane,Car,1
V0898,2025-11-04 02:58:00.675305,Intersection_6,Speeding,Truck,2
V0899,2025-11-09 04:07:00.675305,Intersection_14,Wrong Lane,Truck,1
V0900,2025-11-04 03:16:00.675305,Intersection_14,Wrong Lane,Bus,5
V0901,2025-11-08 07:39:00.675305,Intersection_15,Speeding,Bike,4
V0902,2025-11-07 18:35:00.675305,Intersection_14,Red Light,Bus,2
V0903,2025-11-06 12:46:00.675305,Intersection_7,No Helmet,Car,5
V0904,2025-11-07 20:44:00.675305,Intersection_8,Red Light,Bike,1
V0905,2025-11-05 23:27:00.675305,Intersection_14,Wrong Lane,Truck,2
V0906,2025-11-09 21:35:00.675305,Intersection_6,Red Light,Car,2
V0907,2025-11-04 00:10:00.675305,Intersection_14,Speeding,Bike,4
V0908,2025-11-05 14:07:00.675305,Intersection_13,No Helmet,Truck,5
V0909,2025-11-05 05:06:00.675305,Intersection_3,Wrong Lane,Car,1
V0910,2025-11-10 18:22:00.675305,Intersection_9,Wrong Lane,Bike,3
V0911,2025-11-05 02:25:00.675305,Intersection_17,Wrong Lane,Truck,1
V0912,2025-11-10 04:54:00.675305,Intersection_7,No Helmet,Bike,4
V0913,2025-11-05 11:47:00.675305,Intersection_4,No Helmet,Bus,4
V0914,2025-11-07 08:07:00.675305,Intersection_12,Red Light,Bike,1
V0915,2025-11-05 19:09:00.675305,Intersection_11,Speeding,Bike,1
V0916,2025-11-10 06:27:00.675305,Intersection_3,Speeding,Car,1
V0917,2025-11-09 21:26:00.675305,Intersection_2,No Helmet,Truck,3
V0918,2025-11-06 00:23:00.675305,Intersection_9,No Helmet,Bike,5
V0919,2025-11-09 12:31:00.675305,Intersection_6,No Helmet,Car,4
V0920,2025-11-06 17:54:00.675305,Intersection_7,Speeding,Truck,2
V0921,2025-11-06 03:27:00.675305,Intersection_19,Wrong Lane,Bus,1
V0922,2025-11-03 21:58:00.675305,Intersection_8,Red Light,Bike,3
V0923,2025-11-09 09:52:00.675305,Intersection_19,Wrong Lane,Car,2
V0924,2025-11-09 00:57:00.675305,Intersection_14,Wrong Lane,Car,1
V0925,2025-11-09 01:49:00.675305,Intersection_4,No Helmet,Bike,3
V0926,2025-11-06 02:22:00.675305,Intersection_18,Speeding,Bike,3
V0927,2025-11-05 18:33:00.675305,Intersection_15,Speeding,Car,1
V0928,2025-11-09 14:48:00.675305,Intersection_1,Speeding,Car,2
V0929,2025-11-08 12:59:00.675305,Intersection_8,Red Light,Bus,2
V0930,2025-11-08 22:31:00.675305,Intersection_11,Wrong Lane,Bus,3
V0931,2025-11-07 03:22:00.675305,Intersection_5,No Helmet,Bike,5
V0932,2025-11-09 14:55:00.675305,Intersection_8,Wrong Lane,Truck,3
V0933,2025-11-07 08:11:00.677686,Intersection_9,Red Light,Truck,2
V0934,2025-11-06 14:31:00.677686,Intersection_1,Red Light,Truck,4
V0935,2025-11-05 00:32:00.677686,Intersection_20,Red Light,Truck,3
V0936,2025-11-06 09:39:00.677686,Intersection_6,No Helmet,Truck,2
V0937,2025-11-05 02:57:00.677686,Intersection_5,Red Light,Truck,2
V0938,2025-11-06 13:59:00.677686,Intersection_2,Wrong Lane,Car,3
V0939,2025-11-06 22:06:00.677743,Intersection_18,Speeding,Truck,1
V0940,2025-11-08 08:28:00.677743,Intersection_17,No Helmet,Truck,4
V0941,2025-11-07 11:28:00.677743,Intersection_17,Wrong Lane,Car,1
V0942,2025-11-04 07:10:00.677743,Intersection_7,Speeding,Car,1
V0943,2025-11-04 18:28:00.677743,Intersection_2,No Helmet,Truck,5
V0944,2025-11-04 23:46:00.677743,Intersection_18,Wrong Lane,Bike,4
V0945,2025-11-09 17:29:00.677743,Intersection_5,Red Light,Bus,1
V0946,2025-11-10 05:55:00.677743,Intersection_14,No Helmet,Car,3
V0947,2025-11-10 09:20:00.677743,Intersection_7,Red Light,Truck,2
V0948,2025-11-04 08:11:00.677743,Intersection_1,Wrong Lane,Car,2
V0949,2025-11-07 21:07:00.677743,Intersection_10,No Helmet,Bike,2
V0950,2025-11-05 11:37:00.677743,Intersection_14,Red Light,Car,1
V0951,2025-11-10 10:17:00.677743,Intersection_5,No Helmet,Bus,1
V0952,2025-11-04 21:07:00.677743,Intersection_6,Red Light,Truck,1
V0953,2025-11-05 22:09:00.677743,Intersection_19,Wrong Lane,Bus,5
V0954,2025-11-05 08:20:00.677743,Intersection_1,Speeding,Bike,3
V0955,2025-11-08 23:40:00.677743,Intersection_19,Wrong Lane,Bike,1
V0956,2025-11-05 00:22:00.677743,Intersection_1,No Helmet,Car,1
V0957,2025-11-04 18:48:00.677743,Intersection_3,Speeding,Bus,3
V0958,2025-11-07 02:56:00.677743,Intersection_19,Speeding,Bike,2
V0959,2025-11-10 16:14:00.677743,Intersection_20,Wrong Lane,Bus,2
V0960,2025-11-04 05:44:00.677743,Intersection_17,Wrong Lane,Bike,3
V0961,2025-11-08 16:01:00.677743,Intersection_17,Wrong Lane,Bus,3
V0962,2025-11-08 23:39:00.677743,Intersection_3,Speeding,Car,2
V0963,2025-11-04 22:54:00.677743,Intersection_8,Speeding,Bike,5
V0964,2025-11-06 08:35:00.677743,Intersection_12,Speeding,Bike,3
V0965,2025-11-08 21:55:00.677743,Intersection_7,Red Light,Truck,1
V0966,2025-11-07 05:33:00.677743,Intersection_20,Red Light,Truck,2
V0967,2025-11-08 23:56:00.677743,Intersection_7,Red Light,Bus,4
V0968,2025-11-08 22:02:00.677743,Intersection_2,Speeding,Bike,2
V0969,2025-11-06 09:04:00.677743,Intersection_13,No Helmet,Bus,4
V0970,2025-11-09 06:52:00.677743,Intersection_20,No Helmet,Car,4
V0971,2025-11-09 09:03:00.677743,Intersection_6,No Helmet,Bike,4
V0972,2025-11-10 06:21:00.677743,Intersection_4,Red Light,Truck,4
V0973,2025-11-09 00:03:00.677743,Intersection_7,No Helmet,Bike,3
V0974,2025-11-10 18:36:00.677743,Intersection_11,Red Light,Car,3
V0975,2025-11-05 11:34:00.677743,Intersection_16,No Helmet,Bus,4
V0976,2025-11-08 17:29:00.677743,Intersection_14,No Helmet,Bike,3
V0977,2025-11-04 21:12:00.677743,Intersection_18,Red Light,Truck,2
V0978,2025-11-05 12:46:00.677743,Intersection_12,No Helmet,Bike,5
V0979,2025-11-09 06:04:00.677743,Intersection_9,Speeding,Car,1
V0980,2025-11-07 13:35:00.677743,Intersection_4,Red Light,Car,3
V0981,2025-11-05 01:17:00.677743,Intersection_17,Red Light,Car,2
V0982,2025-11-08 22:01:00.677743,Intersection_9,Speeding,Car,2
V0983,2025-11-05 15:52:00.677743,Intersection_20,No Helmet,Car,5
V0984,2025-11-08 03:13:00.677743,Intersection_10,Red Light,Car,2
V0985,2025-11-10 06:34:00.677743,Intersection_20,Red Light,Truck,5
V0986,2025-11-07 18:13:00.677743,Intersection_11,Speeding,Bike,2
V0987,2025-11-04 21:06:00.677743,Intersection_14,Speeding,Truck,2
V0988,2025-11-09 13:42:00.677743,Intersection_2,Wrong Lane,Truck,5
V0989,2025-11-09 00:25:00.677743,Intersection_20,Red Light,Car,2
V0990,2025-11-08 08:30:00.677743,Intersection_7,Wrong Lane,Car,4
V0991,2025-11-07 16:04:00.677743,Intersection_8,No Helmet,Bus,4
V0992,2025-11-05 18:52:00.677743,Intersection_11,No Helmet,Car,1
V0993,2025-11-06 04:25:00.677743,Intersection_3,Red Light,Bus,3
V0994,2025-11-07 12:00:00.677743,Intersection_1,Wrong Lane,Bus,2
V0995,2025-11-06 08:03:00.677743,Intersection_14,No Helmet,Car,5
V0996,2025-11-09 13:43:00.678297,Intersection_9,Speeding,Bus,3
V0997,2025-11-07 03:48:00.678297,Intersection_8,Speeding,Car,1
V0998,2025-11-04 23:21:00.678297,Intersection_3,Wrong Lane,Bus,2
V0999,2025-11-09 13:12:00.678297,Intersection_17,Red Light,Bike,1
V1000,2025-11-10 09:09:00.678297,Intersection_9,Speeding,Bus,1
